Product Name,Category,Displayed Price,Factured Price,Quantity,Product Link
SLIMMING TEA BAGS,Health & Beauty,﷼189,639,$ 21,https://cod.network/affiliate/offers/feff8710-1af4-4f26-a772-9db664cea5c6
MORINGA LUNCH SUPPLEMENT,Health & Beauty,﷼189,1393,$ 23,https://cod.network/affiliate/offers/00bda8fb-dd26-41df-bfc6-c3a0d0094be6
SMART CAMERA,Electronics & Accessories,﷼189,229,$ 24,https://cod.network/affiliate/offers/7bc7468c-56b4-45a2-9069-492434490565
MEAT PRESSING MOLD,"Home, Garden & Furniture",﷼119,494,$ 8,https://cod.network/affiliate/offers/8fbc534e-9200-4396-9444-a098531b56e7
VEGETABLE AND FRUIT PEELER (PURPLE),"Home, Garden & Furniture",﷼179,233,$ 20,https://cod.network/affiliate/offers/9afcdb93-7e44-4d4c-9318-07912446f8d5
ELECTRIC WHISK (BLACK),Electronics & Accessories,﷼199,232,$ 21,https://cod.network/affiliate/offers/a914ade3-ae16-49e2-9a83-1e3a49542897
GOLDEN LURE PHEROMONE PERFUME,"Clothing, Shoes & Jewelry",﷼179,2749,$ 23,https://cod.network/affiliate/offers/71de55ef-73ab-4811-8917-29a5dcf6ea8e
BAELLERRY WALLET LEATHER,"Clothing, Shoes & Jewelry",﷼199,50,$ 23,https://cod.network/affiliate/offers/8fd925bf-df49-46dd-b1f5-26799271e9c8
MAGNETIC BRACELET FOR MEN,"Clothing, Shoes & Jewelry",﷼179,590,$ 25,https://cod.network/affiliate/offers/ce1be084-ce28-45bd-9a50-8be9651cb64a
HANDBAG FOR WOMEN,"Clothing, Shoes & Jewelry",﷼199,300,$ 21,https://cod.network/affiliate/offers/01d55945-2a97-4742-874a-f5f0a5515ebf
FRONT SLIT BRA,Lingerie,﷼189,343,$ 22,https://cod.network/affiliate/offers/58f4ce6a-3a38-4be1-83cb-968638038ef1
LEATHER WOMEN WALLET,"Clothing, Shoes & Jewelry",﷼199,515,$ 23,https://cod.network/affiliate/offers/027683a0-9d67-426b-ac81-a42fbc7bb27b
NATURAL LUNG AND RESPIRATORY SUPPORT SPRAY,Health & Beauty,﷼179,1694,$ 21,https://cod.network/affiliate/offers/489816f2-701e-40f2-a300-ca0fd0b7701e
MULTI-PURPOSE CUTTER,"Home, Garden & Furniture",﷼209,970,$ 21,https://cod.network/affiliate/offers/d4b0c7cd-b7db-453c-bbcd-bb82b3f2ea0f
MULTI-PURPOSE CHOPPER,"Home, Garden & Furniture",﷼179,488,$ 21,https://cod.network/affiliate/offers/9cd7ec14-f937-427e-b162-71550ce4817e
FLAT FLOOR MOP,"Home, Garden & Furniture",﷼199,295,$ 22,https://cod.network/affiliate/offers/25b99ecd-4cd5-4c8e-b634-52e8da405570
GREEN SLIMMING TEA,Health & Beauty,﷼189,77,$ 21,https://cod.network/affiliate/offers/1b2d3174-c999-4c4b-8935-f88d66cb1d6f
SLEEP AID DEVICE,Electronics & Accessories,﷼199,328,$ 22,https://cod.network/affiliate/offers/b38e0f67-2db3-4a38-8411-c7d90b8c0d0b
HIP BUTT ENLARGEMENT GUMMIES,Health & Beauty,﷼199,160,$ 24,https://cod.network/affiliate/offers/31c8acd3-5d62-405d-895e-a83b284e10b9
MAGNETIC CAMERA FOR SURVEILLANCE,Electronics & Accessories,﷼189,1569,$ 21,https://cod.network/affiliate/offers/fbe41c05-7736-4570-b313-8279794becf1
FRECKLE REMOVER FOR SKIN WHITENING,Health & Beauty,﷼169,2500,$ 25,https://cod.network/affiliate/offers/da79b1dc-edb0-42ef-a616-d007d8a9cd16
ELASTIC ARM SLEEVES,"Clothing, Shoes & Jewelry",﷼199,360,$ 29,https://cod.network/affiliate/offers/ec62fe70-f6d1-49a5-bac9-d7ed9b6ac659
YELLOW PEEL OIL,Health & Beauty,﷼175,433,$ 23,https://cod.network/affiliate/offers/0d3ba7f7-32d4-48a6-93f3-5d9a979a3096
ARGAN HAIR MASK,Health & Beauty,﷼179,1131,$ 24,https://cod.network/affiliate/offers/b0389351-fe57-45b3-9774-8447ffe7f6e1
SPORTS KNEE BRACE,Health & Beauty,﷼159,150,$ 23,https://cod.network/affiliate/offers/e15aa8eb-24eb-41b4-b193-dd1412a8fc91
SILICONE INSTEP PADS,"Clothing, Shoes & Jewelry",﷼179,385,$ 25,https://cod.network/affiliate/offers/e1205b21-440a-4975-85a0-cebba19560bc
WOMEN SLIMMING SHAPEWEAR,"Clothing, Shoes & Jewelry",﷼159,340,$ 20,https://cod.network/affiliate/offers/02ea0182-12f6-4bf1-b47a-d38938591ab9
ELECTRIC MANICURE SET,Health & Beauty,﷼169,91,$ 23,https://cod.network/affiliate/offers/7364c503-3c10-4d75-930b-7934e2712d05
WOMEN ORTHOPEDIC SNEAKERS,"Clothing, Shoes & Jewelry",﷼179,103,$ 22,https://cod.network/affiliate/offers/81709584-d869-4423-bed2-f5544830492e
BACK CORSET,Health & Beauty,﷼129,354,$ 20,https://cod.network/affiliate/offers/35491b45-2ae8-4632-becb-aab6c9474274
SMART BACK POSTURE CORRECTOR,Health & Beauty,﷼159,61,$ 20,https://cod.network/affiliate/offers/b2941932-29e1-463a-9392-718ca87375b5
ELECTRIC DOOR HANDLE,"Home, Garden & Furniture",﷼289,318,$ 20,https://cod.network/affiliate/offers/9aa54a1c-6eee-409a-9c50-e4e982584b5d
ELECTRIC NAIL POLISH DRYER,Health & Beauty,﷼189,998,$ 28,https://cod.network/affiliate/offers/e80910a4-0d90-49a5-9ec5-f25091b01b6e
TEETH CLEANING POWDER,Health & Beauty,﷼179,382,$ 25,https://cod.network/affiliate/offers/5048e38c-48e2-4ba3-9cb7-b3c7b29db8e2
MOBILE PHONE LOCKING DEVICE,Electronics & Accessories,﷼239,299,$ 21,https://cod.network/affiliate/offers/761a58d5-9667-4eed-8c0d-7c9abaee0ef5
ANTI-AGING CREAM,Health & Beauty,﷼179,270,$ 23,https://cod.network/affiliate/offers/c9fadd30-b615-4ef4-b9c4-006519fd70d3
SOUNDPROOF PARTS FOR CAR DOOR,Cars & accessories,﷼179,494,$ 23,https://cod.network/affiliate/offers/201005d3-0c83-4f07-b9eb-532ff6297bd9
FACE PEELING MASK,Health & Beauty,﷼119,999,$ 7,https://cod.network/affiliate/offers/6951984a-f0ca-4ccf-87c6-34c44c3b658d
SMALL SHAVING MACHINE,Electronics & Accessories,﷼179,98,$ 20,https://cod.network/affiliate/offers/e0fbb51b-c91e-4d89-815b-61bcd1e6ccdd
INSTANT PAIN RELIEF OIL,Health & Beauty,﷼179,3445,$ 28,https://cod.network/affiliate/offers/333703a9-77ac-4014-bf3a-62dd80671657
ELECTRIC FOOT MASSAGER - KSA,Health & Beauty,﷼199,1144,$ 26,https://cod.network/affiliate/offers/d9028843-39ee-40a1-a9f1-222c97864701
COLLAGEN FACE SERUM SET - KSA,Health & Beauty,﷼189,2013,$ 27,https://cod.network/affiliate/offers/20185f49-325e-4cba-af40-a760e8a0f2e2
HAROUF PERFUME,Health & Beauty,﷼179,1619,$ 23,https://cod.network/affiliate/offers/e9e13efe-a92c-4c65-bddb-4f117605fb4a
HEEL PAIN OINTMENT,Health & Beauty,﷼169,906,$ 27,https://cod.network/affiliate/offers/20c6b681-9de9-4274-8cec-4dfae08b7854
HOUSEHOLD POPCORN MAKING MACHINE,"Home, Garden & Furniture",﷼199,619,$ 20,https://cod.network/affiliate/offers/19f56749-aaa4-4935-b65e-04c594e565c7
EYE CREAM ANTI AGING,Health & Beauty,﷼169,330,$ 21,https://cod.network/affiliate/offers/946f91a5-7dfb-4d1a-b2ac-991a8e74a991
JOINT PAIN RELIEF CREAM,Health & Beauty,﷼169,402,$ 22,https://cod.network/affiliate/offers/27720fce-47ec-4ec0-b127-b225374fca96
COLLAGEN GUM,Health & Beauty,﷼199,277,$ 22,https://cod.network/affiliate/offers/a47e3423-c219-44d9-a7ec-45461a1e6648
SLIMMING TEA BAGS,Health & Beauty,﷼189,639,$ 21,https://cod.network/affiliate/offers/feff8710-1af4-4f26-a772-9db664cea5c6
MORINGA LUNCH SUPPLEMENT,Health & Beauty,﷼189,1393,$ 23,https://cod.network/affiliate/offers/00bda8fb-dd26-41df-bfc6-c3a0d0094be6
SMART CAMERA,Electronics & Accessories,﷼189,229,$ 24,https://cod.network/affiliate/offers/7bc7468c-56b4-45a2-9069-492434490565
MEAT PRESSING MOLD,"Home, Garden & Furniture",﷼119,494,$ 8,https://cod.network/affiliate/offers/8fbc534e-9200-4396-9444-a098531b56e7
VEGETABLE AND FRUIT PEELER (PURPLE),"Home, Garden & Furniture",﷼179,233,$ 20,https://cod.network/affiliate/offers/9afcdb93-7e44-4d4c-9318-07912446f8d5
ELECTRIC WHISK (BLACK),Electronics & Accessories,﷼199,232,$ 21,https://cod.network/affiliate/offers/a914ade3-ae16-49e2-9a83-1e3a49542897
GOLDEN LURE PHEROMONE PERFUME,"Clothing, Shoes & Jewelry",﷼179,2749,$ 23,https://cod.network/affiliate/offers/71de55ef-73ab-4811-8917-29a5dcf6ea8e
BAELLERRY WALLET LEATHER,"Clothing, Shoes & Jewelry",﷼199,50,$ 23,https://cod.network/affiliate/offers/8fd925bf-df49-46dd-b1f5-26799271e9c8
MAGNETIC BRACELET FOR MEN,"Clothing, Shoes & Jewelry",﷼179,590,$ 25,https://cod.network/affiliate/offers/ce1be084-ce28-45bd-9a50-8be9651cb64a
HANDBAG FOR WOMEN,"Clothing, Shoes & Jewelry",﷼199,300,$ 21,https://cod.network/affiliate/offers/01d55945-2a97-4742-874a-f5f0a5515ebf
FRONT SLIT BRA,Lingerie,﷼189,343,$ 22,https://cod.network/affiliate/offers/58f4ce6a-3a38-4be1-83cb-968638038ef1
LEATHER WOMEN WALLET,"Clothing, Shoes & Jewelry",﷼199,515,$ 23,https://cod.network/affiliate/offers/027683a0-9d67-426b-ac81-a42fbc7bb27b
NATURAL LUNG AND RESPIRATORY SUPPORT SPRAY,Health & Beauty,﷼179,1694,$ 21,https://cod.network/affiliate/offers/489816f2-701e-40f2-a300-ca0fd0b7701e
MULTI-PURPOSE CUTTER,"Home, Garden & Furniture",﷼209,970,$ 21,https://cod.network/affiliate/offers/d4b0c7cd-b7db-453c-bbcd-bb82b3f2ea0f
MULTI-PURPOSE CHOPPER,"Home, Garden & Furniture",﷼179,488,$ 21,https://cod.network/affiliate/offers/9cd7ec14-f937-427e-b162-71550ce4817e
FLAT FLOOR MOP,"Home, Garden & Furniture",﷼199,295,$ 22,https://cod.network/affiliate/offers/25b99ecd-4cd5-4c8e-b634-52e8da405570
GREEN SLIMMING TEA,Health & Beauty,﷼189,77,$ 21,https://cod.network/affiliate/offers/1b2d3174-c999-4c4b-8935-f88d66cb1d6f
SLEEP AID DEVICE,Electronics & Accessories,﷼199,328,$ 22,https://cod.network/affiliate/offers/b38e0f67-2db3-4a38-8411-c7d90b8c0d0b
HIP BUTT ENLARGEMENT GUMMIES,Health & Beauty,﷼199,160,$ 24,https://cod.network/affiliate/offers/31c8acd3-5d62-405d-895e-a83b284e10b9
MAGNETIC CAMERA FOR SURVEILLANCE,Electronics & Accessories,﷼189,1569,$ 21,https://cod.network/affiliate/offers/fbe41c05-7736-4570-b313-8279794becf1
FRECKLE REMOVER FOR SKIN WHITENING,Health & Beauty,﷼169,2500,$ 25,https://cod.network/affiliate/offers/da79b1dc-edb0-42ef-a616-d007d8a9cd16
ELASTIC ARM SLEEVES,"Clothing, Shoes & Jewelry",﷼199,360,$ 29,https://cod.network/affiliate/offers/ec62fe70-f6d1-49a5-bac9-d7ed9b6ac659
YELLOW PEEL OIL,Health & Beauty,﷼175,433,$ 23,https://cod.network/affiliate/offers/0d3ba7f7-32d4-48a6-93f3-5d9a979a3096
ARGAN HAIR MASK,Health & Beauty,﷼179,1131,$ 24,https://cod.network/affiliate/offers/b0389351-fe57-45b3-9774-8447ffe7f6e1
SPORTS KNEE BRACE,Health & Beauty,﷼159,150,$ 23,https://cod.network/affiliate/offers/e15aa8eb-24eb-41b4-b193-dd1412a8fc91
SILICONE INSTEP PADS,"Clothing, Shoes & Jewelry",﷼179,385,$ 25,https://cod.network/affiliate/offers/e1205b21-440a-4975-85a0-cebba19560bc
WOMEN SLIMMING SHAPEWEAR,"Clothing, Shoes & Jewelry",﷼159,340,$ 20,https://cod.network/affiliate/offers/02ea0182-12f6-4bf1-b47a-d38938591ab9
ELECTRIC MANICURE SET,Health & Beauty,﷼169,91,$ 23,https://cod.network/affiliate/offers/7364c503-3c10-4d75-930b-7934e2712d05
WOMEN ORTHOPEDIC SNEAKERS,"Clothing, Shoes & Jewelry",﷼179,103,$ 22,https://cod.network/affiliate/offers/81709584-d869-4423-bed2-f5544830492e
BACK CORSET,Health & Beauty,﷼129,354,$ 20,https://cod.network/affiliate/offers/35491b45-2ae8-4632-becb-aab6c9474274
SMART BACK POSTURE CORRECTOR,Health & Beauty,﷼159,61,$ 20,https://cod.network/affiliate/offers/b2941932-29e1-463a-9392-718ca87375b5
ELECTRIC DOOR HANDLE,"Home, Garden & Furniture",﷼289,318,$ 20,https://cod.network/affiliate/offers/9aa54a1c-6eee-409a-9c50-e4e982584b5d
ELECTRIC NAIL POLISH DRYER,Health & Beauty,﷼189,998,$ 28,https://cod.network/affiliate/offers/e80910a4-0d90-49a5-9ec5-f25091b01b6e
TEETH CLEANING POWDER,Health & Beauty,﷼179,382,$ 25,https://cod.network/affiliate/offers/5048e38c-48e2-4ba3-9cb7-b3c7b29db8e2
MOBILE PHONE LOCKING DEVICE,Electronics & Accessories,﷼239,299,$ 21,https://cod.network/affiliate/offers/761a58d5-9667-4eed-8c0d-7c9abaee0ef5
ANTI-AGING CREAM,Health & Beauty,﷼179,270,$ 23,https://cod.network/affiliate/offers/c9fadd30-b615-4ef4-b9c4-006519fd70d3
SOUNDPROOF PARTS FOR CAR DOOR,Cars & accessories,﷼179,494,$ 23,https://cod.network/affiliate/offers/201005d3-0c83-4f07-b9eb-532ff6297bd9
FACE PEELING MASK,Health & Beauty,﷼119,999,$ 7,https://cod.network/affiliate/offers/6951984a-f0ca-4ccf-87c6-34c44c3b658d
SMALL SHAVING MACHINE,Electronics & Accessories,﷼179,98,$ 20,https://cod.network/affiliate/offers/e0fbb51b-c91e-4d89-815b-61bcd1e6ccdd
INSTANT PAIN RELIEF OIL,Health & Beauty,﷼179,3445,$ 28,https://cod.network/affiliate/offers/333703a9-77ac-4014-bf3a-62dd80671657
ELECTRIC FOOT MASSAGER - KSA,Health & Beauty,﷼199,1144,$ 26,https://cod.network/affiliate/offers/d9028843-39ee-40a1-a9f1-222c97864701
COLLAGEN FACE SERUM SET - KSA,Health & Beauty,﷼189,2013,$ 27,https://cod.network/affiliate/offers/20185f49-325e-4cba-af40-a760e8a0f2e2
HAROUF PERFUME,Health & Beauty,﷼179,1619,$ 23,https://cod.network/affiliate/offers/e9e13efe-a92c-4c65-bddb-4f117605fb4a
HEEL PAIN OINTMENT,Health & Beauty,﷼169,906,$ 27,https://cod.network/affiliate/offers/20c6b681-9de9-4274-8cec-4dfae08b7854
HOUSEHOLD POPCORN MAKING MACHINE,"Home, Garden & Furniture",﷼199,619,$ 20,https://cod.network/affiliate/offers/19f56749-aaa4-4935-b65e-04c594e565c7
EYE CREAM ANTI AGING,Health & Beauty,﷼169,330,$ 21,https://cod.network/affiliate/offers/946f91a5-7dfb-4d1a-b2ac-991a8e74a991
JOINT PAIN RELIEF CREAM,Health & Beauty,﷼169,402,$ 22,https://cod.network/affiliate/offers/27720fce-47ec-4ec0-b127-b225374fca96
COLLAGEN GUM,Health & Beauty,﷼199,277,$ 22,https://cod.network/affiliate/offers/a47e3423-c219-44d9-a7ec-45461a1e6648
SHILAJIT SUPPLEMENT,Health & Beauty,﷼199,158,$ 22,https://cod.network/affiliate/offers/be16ae11-5c64-495a-b8dc-9d7cd427267d
TEETH WHITENING STRIPS,Health & Beauty,﷼179,494,$ 22,https://cod.network/affiliate/offers/f3d738ce-5369-4280-af47-aeff997969c8
MULTI-USE MASSAGER,Electronics & Accessories,﷼179,394,$ 20,https://cod.network/affiliate/offers/fb6e7c09-7997-4bf9-a987-d0852b4fbf43
MULTI-PURPOSE BROOM,"Home, Garden & Furniture",﷼229,782,$ 24,https://cod.network/affiliate/offers/aeb2643a-0773-4818-86de-8e725fcc581a
FACE AND NECK MASSAGE DEVICE,Electronics & Accessories,﷼179,116,$ 24,https://cod.network/affiliate/offers/e4b92b1f-b044-425a-93f5-622599f48612
EYEBROW PERMANENT MAKEUP SET,Health & Beauty,﷼159,560,$ 22,https://cod.network/affiliate/offers/7cc3fdb9-4e40-4305-b696-425cc89851a4
BACK AND SHOULDER CORSET,Health & Beauty,﷼199,354,$ 22,https://cod.network/affiliate/offers/41a5accd-019a-461b-aea2-7c91c7b3d0dc
SPORTS WATER BOTTLE,"Home, Garden & Furniture",﷼199,494,$ 24,https://cod.network/affiliate/offers/5efa7306-9c06-470d-8872-e2cf4d5af646
ANTI AGING SERUM,Health & Beauty,﷼179,486,$ 20,https://cod.network/affiliate/offers/ea1f2b87-0ffd-46fd-bf2d-7ff87e7e7522
LIQUID FOUNDATION,Health & Beauty,﷼169,168,$ 20,https://cod.network/affiliate/offers/8b6cd614-5921-4678-b198-6fbfcf2e0fa5
SILICONE PANCAKE MOLD,"Home, Garden & Furniture",﷼99,432,$ 7,https://cod.network/affiliate/offers/9d9d0eb9-0229-4fe0-969b-4eb134640623
SEXUAL STIMULATOR FOR MEN,Health & Beauty,﷼189,88,$ 21,https://cod.network/affiliate/offers/13d7c1a6-eaed-4b52-819a-c9fad09ff21d
LASER HAIR REMOVAL DEVICE,Electronics & Accessories,﷼229,331,$ 21,https://cod.network/affiliate/offers/af241da2-4448-414c-b93e-cc5dc356d2b3
BLACK MACA CREAM,Health & Beauty,﷼189,277,$ 21,https://cod.network/affiliate/offers/ddf26a60-0cf3-4727-a3f7-11c845b17ac9
MORINGA GREEN TEA,Health & Beauty,﷼199,348,$ 22,https://cod.network/affiliate/offers/c3118151-269d-4b41-bb80-e9a1d0c55889
PURPLE WHITENING TOOTHPASTE,Health & Beauty,﷼179,1884,$ 20,https://cod.network/affiliate/offers/0aa45327-e157-4c40-8ab4-0474ecf3891c
LONG HAIR EXTENSIONS,Health & Beauty,﷼189,3742,$ 21,https://cod.network/affiliate/offers/11a7cdb6-50b0-4e28-9c2c-0cde7259265b
GREEN GINGER SPRAY * 4,Health & Beauty,﷼199,1141,$ 20,https://cod.network/affiliate/offers/dc7bd85f-c529-49d3-8833-1310d77764c9
SMALL MACHINE FOR CLOTHES,"Home, Garden & Furniture",﷼249,278,$ 24,https://cod.network/affiliate/offers/bcf509b8-83e8-494b-bedd-c7235f467368
CURLY HAIR MOUSSE,Health & Beauty,﷼189,977,$ 23,https://cod.network/affiliate/offers/642f84d6-5ddb-487e-9502-46a88a9842ea
CURLY HAIR EXTENSIONS,Health & Beauty,﷼189,3854,$ 21,https://cod.network/affiliate/offers/d5e5973b-3511-4e11-a4bc-51a333bfa132
VACUUM CLEANER,Electronics & Accessories,﷼189,975,$ 20,https://cod.network/affiliate/offers/f2000bd9-651b-45c0-a8a5-e9b2f7760451
HAIR CARE PACK,Health & Beauty,﷼219,193,$ 22,https://cod.network/affiliate/offers/8b27c985-f9c9-4260-81bd-9641b85bb7fd
MAGNETIC EYELASHES PACK,Health & Beauty,﷼189,452,$ 21,https://cod.network/affiliate/offers/5d3d383f-828f-4dad-acf6-35283bc764f1
BEARD HIGHLIGHTER PEN,Health & Beauty,﷼179,982,$ 20,https://cod.network/affiliate/offers/6e8752a5-8560-4a11-8bab-5817b07d1662
BLUETOOTH TRACKER DEVICE,Electronics & Accessories,﷼169,517,$ 23,https://cod.network/affiliate/offers/bd32af9d-a21e-422c-8ee4-e58916791c27
PURPLE TOOTHPASTE,Health & Beauty,﷼179,1753,$ 21,https://cod.network/affiliate/offers/7c8305d2-14ac-4b9f-afd3-5be47a04e33f
EDUCATIONAL BOOKS FOR CHILDREN,Education,﷼189,150,$ 20,https://cod.network/affiliate/offers/95f3a5a6-3d80-4e00-94b7-380f0afe823f
AFTERTASTE REMOVAL SERUM,Health & Beauty,﷼179,52,$ 20,https://cod.network/affiliate/offers/c7ea9a5e-e4c6-4549-8111-a579999e4457
TRANSPARENT WATERPROOF COATING,"Home, Garden & Furniture",﷼189,331,$ 23,https://cod.network/affiliate/offers/07350d78-9e11-42d7-bb8c-a005eded105f
NIPPLE WHITENING CREAM,Health & Beauty,﷼189,500,$ 20,https://cod.network/affiliate/offers/c8bab3ef-f8c7-4c4b-8abb-a81a90a6b6b7
VISTAL CREAM,Health & Beauty,﷼189,306,$ 20,https://cod.network/affiliate/offers/60b5b86f-a7d7-4291-978b-906cbeaadb57
ELECTRIC HAIR CURLER,Electronics & Accessories,﷼199,296,$ 20,https://cod.network/affiliate/offers/d359f087-cd47-4dcd-9a35-9b28fd7d18eb
STRAIGHT HAIR EXTENSIONS,Health & Beauty,﷼189,781,$ 21,https://cod.network/affiliate/offers/8009f747-4075-488d-a38a-654d8e636ce1
SHORT HAIR EXTENSIONS,Health & Beauty,﷼189,2465,$ 20,https://cod.network/affiliate/offers/d0b94022-7ba0-482e-9ab4-c93ff7338daf
WATCH WITH CIGARETTE LIGHTER,Electronics & Accessories,﷼199,259,$ 18,https://cod.network/affiliate/offers/4d238aa5-ebfc-4a7f-98dd-612da87af51e
SANDA SPORTS WATCH,Electronics & Accessories,﷼219,133,$ 21,https://cod.network/affiliate/offers/786e07b2-45ec-465c-adf4-b55b1c1ef9b8
SLIMMING PATCH,Health & Beauty,﷼179,760,$ 20,https://cod.network/affiliate/offers/d3862abf-b95c-4d8d-ae97-943067aa2279
BLACK BRIGHT CURING SHAMPOO,Health & Beauty,﷼189,459,$ 23,https://cod.network/affiliate/offers/14e00d5b-9c7d-4199-a775-e37dbd41a3b2
SOLAR WALL LIGHT,"Home, Garden & Furniture",﷼179,773,$ 20,https://cod.network/affiliate/offers/973257d0-5cd9-42ab-b614-976f83b69865
WATERPROOF SMART WATCH,Electronics & Accessories,﷼229,282,$ 22,https://cod.network/affiliate/offers/74b240ba-8dca-4540-92a6-faf9ca064ad6
2X COPPER FLOOR DRAIN,"Home, Garden & Furniture",﷼189,1061,$ 20,https://cod.network/affiliate/offers/1ff36676-1845-41ad-81a1-64fe08575c88
HAIR PACK TRIO,Health & Beauty,﷼199,448,$ 20,https://cod.network/affiliate/offers/5a12ff57-f0f6-4cdf-bb00-da699f3e1e5e
SKIN CARE CREAM,Health & Beauty,﷼189,6687,$ 20,https://cod.network/affiliate/offers/c50ede6e-6b00-4913-afad-4c5185788d39
ERECTILE DYSFUNCTION CREAM,Health & Beauty,﷼189,467,$ 19,https://cod.network/affiliate/offers/2ba689f0-39eb-41c9-b877-e8a019b1a147
CREAM OINTMENT ARTHRITIS,Health & Beauty,﷼179,2515,$ 20,https://cod.network/affiliate/offers/65a6285a-b7c3-4bf1-9325-b07515394a0b
SILICONE BRA,Lingerie,﷼169,190,$ 20,https://cod.network/affiliate/offers/3b80ca04-9a11-4564-97c1-c8d1356911c2
WAIST CORSET,Lingerie,﷼179,197,$ 20,https://cod.network/affiliate/offers/928b6da0-eb61-4591-ba94-b290ba236d2e
LEG EXERCISER PORTABLE (BLUE),Toys & Games,﷼189,225,$ 20,https://cod.network/affiliate/offers/7cb19b77-af14-4450-8021-c393c5b4b050
INSULATED MUG (GREEN),"Home, Garden & Furniture",﷼199,238,$ 21,https://cod.network/affiliate/offers/75e0d555-02b3-4db5-93f3-f925fd11df84
FASHION HEART & NECKLACE GOLD,"Clothing, Shoes & Jewelry",﷼179,168,$ 21,https://cod.network/affiliate/offers/f8fc0706-108a-4a10-967e-4fbe3734243c
KIDS MONEY BANK MACHINE (BLEU),Toys & Games,﷼199,140,$ 21,https://cod.network/affiliate/offers/95debd4b-463d-4e0d-b76d-dfc0936cec9d
BEARD GROWTH,Health & Beauty,﷼269,118,$ 25,https://cod.network/affiliate/offers/b04a6ab0-644c-42a4-a634-6b52ec4166a5
MAGIC SCAR REMOVAL CREAM,Health & Beauty,﷼179,2883,$ 25,https://cod.network/affiliate/offers/fa02aa5b-8f8b-41b8-8f7f-db0bb88dbb02
HOUSEHOLD ANTI-THEFT DOOR LOCK,Electronics & Accessories,﷼199,846,$ 20,https://cod.network/affiliate/offers/23fccc44-066e-4a01-bc57-f3cff0eec561
WIRELESS FOLDABLE MAKEUP MIRROR,Electronics & Accessories,﷼219,160,$ 20,https://cod.network/affiliate/offers/811b18e2-efa2-4a1d-a646-7be5f41a9456
NICOTINE CRAVING RELIEF SPRAY,Health & Beauty,﷼179,144,$ 19,https://cod.network/affiliate/offers/cc7d2f6f-70e4-416e-9a08-608a3cd66980
ELECTRIC LINT REMOVER FOR CLOTHES,Electronics & Accessories,﷼179,775,$ 20,https://cod.network/affiliate/offers/ef6e3725-8ac1-4f4c-97b9-d393c4c32539
SKIN CARE FACIAL MACHINE,Electronics & Accessories,﷼189,173,$ 21,https://cod.network/affiliate/offers/d9e9c3ba-c48a-4fbe-9327-857842154ed7
MOBILE PHONE AND TABLET PC HOLDER,Electronics & Accessories,﷼209,282,$ 21,https://cod.network/affiliate/offers/c1701d06-9546-4e1f-a3ca-001fc2d55d48
PROFESSIONAL HAIR TRIMMER,Health & Beauty,﷼199,136,$ 26,https://cod.network/affiliate/offers/b89cfe15-f5ab-41a1-88dc-92be59df69f9
KNIFE SHARPENING TOOL - KSA,"Home, Garden & Furniture",﷼199,211,$ 20,https://cod.network/affiliate/offers/e1db35e0-b543-4852-aa24-f210de8f9825
EYEBROW STAMP SHAPING KIT - CH,Health & Beauty,﷼199,81,$ 25,https://cod.network/affiliate/offers/e7be0735-7984-4527-916c-868137f066d4
ULTRASONIC INSECT REPELLENT DEVICE,Electronics & Accessories,﷼179,476,$ 20,https://cod.network/affiliate/offers/83b6321b-ac87-4e1c-8c02-8443d2e867b1
HAIR REGROWTH SERUM,Health & Beauty,﷼179,125,$ 20,https://cod.network/affiliate/offers/33246319-16c2-4836-8951-c0a9576b984e
FOLDABLE NECK FAN,Electronics & Accessories,﷼189,254,$ 20,https://cod.network/affiliate/offers/84173c08-ced1-416e-a4b4-80906c985cc8
GINGER SHAMPOO,Health & Beauty,﷼189,559,$ 19,https://cod.network/affiliate/offers/918464ba-f8d1-403e-9f3d-f84b150cdf5e
NATURAL SEXUAL STIMULATOR,Health & Beauty,﷼189,209,$ 18,https://cod.network/affiliate/offers/07458f4b-99ba-4056-a784-d64b130b41be
ONESTEP HAIR DRYER 2IN1,Health & Beauty,﷼299,143,$ 25,https://cod.network/affiliate/offers/4866dc93-aae8-4c24-8851-7141edf090f3
NECK PILLOW FOR CAR SEAT,Cars & accessories,﷼189,743,$ 21,https://cod.network/affiliate/offers/d10efb68-f022-47c4-ad15-8ed56cba736c
CAR PAINT PROTECTION SPRAY,Cars & accessories,﷼189,660,$ 21,https://cod.network/affiliate/offers/2280fa33-47fa-488d-8439-c8dcc380ab00
SPRAY HERBAL PILES,Health & Beauty,﷼179,318,$ 20,https://cod.network/affiliate/offers/9c9dbb92-afb5-41fe-8d55-e9a24ef34784
GINSENG FACIAL SERUM,Health & Beauty,﷼179,469,$ 21,https://cod.network/affiliate/offers/ebb0c36a-3f1e-4790-9cc2-c24fd7939efd
KITCHEN FAUCET HEAD,"Home, Garden & Furniture",﷼179,787,$ 21,https://cod.network/affiliate/offers/7c153048-3e23-459f-aa8b-ac3f00dc099c
FACIAL SERUM,Health & Beauty,﷼179,618,$ 20,https://cod.network/affiliate/offers/dc037c49-88e6-4547-901f-65f23146ccd2
3 IN 1 WIRELESS CHARGER,Electronics & Accessories,﷼239,101,$ 20,https://cod.network/affiliate/offers/8818eb16-45eb-47db-9d54-521848e5fb07
6 IN 1 CHARGER DOCK,"Home, Garden & Furniture",﷼219,23,$ 20,https://cod.network/affiliate/offers/3d2364ed-4e4b-4a80-a555-bad1fa27b2e7
ROSEMARY SHAMPOO BAR,Health & Beauty,﷼169,997,$ 20,https://cod.network/affiliate/offers/94986724-d41a-4631-a98d-00d7f0f4ba30
CLAY MASK,Health & Beauty,﷼179,994,$ 20,https://cod.network/affiliate/offers/cfd8d1fd-a76d-4597-8a8c-a580e1010c86
CAR TRACKING DEVICE,Cars & accessories,﷼299,453,$ 25,https://cod.network/affiliate/offers/ae2004c5-d34e-4909-8007-79c00ee7afa2
RUBBER SHOCK ABSORBER,Cars & accessories,﷼179,162,$ 20,https://cod.network/affiliate/offers/7b459286-b8c5-43fc-9ba9-b53589cc9e87
EYELASH CURLER ELECTRIC (WHITE),Health & Beauty,﷼189,212,$ 20,https://cod.network/affiliate/offers/00267b58-23cf-4f49-80af-dca6a8fb1722
MOBILE PHONE HOLDER - KSA,Cars & accessories,﷼189,734,$ 27,https://cod.network/affiliate/offers/dd2b9f18-c82b-4983-bb02-9b24c79e4d4e
SMART WATCH T800,Electronics & Accessories,﷼179,89,$ 16,https://cod.network/affiliate/offers/ebcec68c-e9f3-4e17-a20f-b42c4f0eecf5
FAT BURNING CREAM,Health & Beauty,﷼259,4443,$ 34,https://cod.network/affiliate/offers/c5073bdb-dc3a-47bf-9a9b-5fdd4a8f7bd4
FAT REMOVAL CREAM,Health & Beauty,﷼199,4443,$ 23,https://cod.network/affiliate/offers/107fe5a1-59b4-4aeb-afb8-7c6ec4069795
FAT DISSOLVING CREAM,Health & Beauty,﷼189,4443,$ 20,https://cod.network/affiliate/offers/7973c665-fbdc-4297-a385-2e9a9333974a
ACNE TREATMENT SERUM,Health & Beauty,﷼169,187,$ 19,https://cod.network/affiliate/offers/f64956a7-4252-49cd-a3ee-b3367add8c8c
ANTI CRACKING CREAM,Health & Beauty,﷼169,197,$ 20,https://cod.network/affiliate/offers/3a04a763-5506-4b0e-b90c-6713078132ac
KERATIN HAIR CARE MASK,Health & Beauty,﷼179,117,$ 20,https://cod.network/affiliate/offers/4df94857-d56b-44bc-95f2-39c72398fed8
LIP LIGHTENING SCRUB BALM,Health & Beauty,﷼199,380,$ 25,https://cod.network/affiliate/offers/979e65f8-88b0-427f-ae1d-8816bb1c3d4f
OUTDOOR WIRELESS SPEAKER,"Home, Garden & Furniture",﷼299,420,$ 25,https://cod.network/affiliate/offers/3fbada10-caa6-4cdd-bd57-8c5bed056040
ELECTRIC SHAVER FOR MEN,Electronics & Accessories,﷼259,133,$ 23,https://cod.network/affiliate/offers/bd13860b-d410-440d-b90c-6077358333b3
MEDICATED PATCH FOR TONSILLITIS,Health & Beauty,﷼169,202,$ 20,https://cod.network/affiliate/offers/8e87296e-049f-45f6-9275-a203bea02e93
ARMPIT WHITENING CREAM,Health & Beauty,﷼179,180,$ 20,https://cod.network/affiliate/offers/b8b8f59a-682d-4400-939d-22182f28adb7
CUTICLE REPAIR CREAM,Health & Beauty,﷼179,195,$ 20,https://cod.network/affiliate/offers/57b1f252-cc3c-4368-bac4-92c6f4287e7e
MOISTURIZING HAIR MASK,Health & Beauty,﷼159,165,$ 18,https://cod.network/affiliate/offers/1a10c0e1-7a81-4b15-82c3-4d03fc4d0f5f
SENSITIVE AREAS WHITENING CREAM,Health & Beauty,﷼179,5771,$ 22,https://cod.network/affiliate/offers/8533b537-be3e-4337-96b9-794359ffff49
ACNE PROTECTION CREAM,Health & Beauty,﷼199,466,$ 22,https://cod.network/affiliate/offers/96c33ef5-9665-45ab-b997-a0d8cec87525
HYALURONIC ACID SERUM FOR HANDS,Health & Beauty,﷼199,170,$ 22,https://cod.network/affiliate/offers/977f63c5-4e1c-42ee-a1da-4a23ec4ed1f9
PUMPKIN SEED OIL FOR HAIR,Health & Beauty,﷼169,168,$ 20,https://cod.network/affiliate/offers/f6a340bc-da17-4a35-9d25-0415442244c0
BODY WHITENING CREAM,Health & Beauty,﷼179,464,$ 20,https://cod.network/affiliate/offers/52c96a62-992d-46fe-912a-47c7cd5f53e8
MOSQUITO TERMINATOR,Electronics & Accessories,﷼179,129,$ 24,https://cod.network/affiliate/offers/d028364d-c840-4b11-a5f1-ffebf869a8f2
INSECT REPELLENT DEVICE,"Home, Garden & Furniture",﷼199,271,$ 28,https://cod.network/affiliate/offers/d030c333-1280-41f9-a34b-b33932e6d08e
WARM LIPSTICK,Health & Beauty,﷼179,999,$ 20,https://cod.network/affiliate/offers/92825bce-4883-4d89-8013-e9ab979afb5c
WAISTTRIM SCULPTING SHORTS,"Clothing, Shoes & Jewelry",﷼189,375,$ 21,https://cod.network/affiliate/offers/d52dedea-c7d0-4fb7-a35f-95d5e5ac6ea0
MANUAL MEAT GRINDER,"Home, Garden & Furniture",﷼199,858,$ 20,https://cod.network/affiliate/offers/62e9eafd-6aa7-4824-855e-0b2cba37c43c
DARK SPOT SERUM,Health & Beauty,﷼179,109,$ 24,https://cod.network/affiliate/offers/838e467a-0686-4d68-bcb7-52701a0f9c72
HAIR CURLER (GREY),Electronics & Accessories,﷼199,429,$ 20,https://cod.network/affiliate/offers/fdd8062f-730a-4fa7-8c09-db5a84ed71b7
SILVER MAGNETIC RING II,Health & Beauty,﷼189,1041,$ 20,https://cod.network/affiliate/offers/db64c650-6e14-4240-aaa5-ab29922357c1
PORTABLE MAGIC MOP (WHITE),"Home, Garden & Furniture",﷼189,296,$ 20,https://cod.network/affiliate/offers/eea3af89-2275-4798-bf7e-9acc695e923d
HANDHELD HEAT SEALER,"Home, Garden & Furniture",﷼179,990,$ 20,https://cod.network/affiliate/offers/06e84d30-3716-4797-a08e-84edf4f5de89
CIGARETTE CONTAINER FOR CAR,Cars & accessories,﷼189,493,$ 21,https://cod.network/affiliate/offers/63e3a888-522f-4d42-a2bf-1741e826d8cc
MINI GAS CAMPING STOVE,"Home, Garden & Furniture",﷼219,299,$ 23,https://cod.network/affiliate/offers/a78f99cd-7e1f-484a-be49-ade50c9088cd
PAIN RELIEF PATCHES,Health & Beauty,﷼179,151,$ 22,https://cod.network/affiliate/offers/f8b3fc29-ce3a-45f3-9709-f3478f55828d
CLOSING HINGE,"Home, Garden & Furniture",﷼189,488,$ 21,https://cod.network/affiliate/offers/cdad678a-430f-4195-b8e4-82f09c1b6ca7
SUPER MONEY GUN,Toys & Games,﷼179,408,$ 20,https://cod.network/affiliate/offers/64190733-604c-47ca-b654-e371a4778281
MOISTURIZING SOCKS,"Clothing, Shoes & Jewelry",﷼179,377,$ 20,https://cod.network/affiliate/offers/69657ca9-ebc5-4039-ac1a-a4e05615e7d0
SKIN ENHANCING CREAM,Health & Beauty,﷼199,6687,$ 23,https://cod.network/affiliate/offers/cbcbd238-8f26-4cfd-b950-74a2c0df2131
HAIR CARE CREAM,Health & Beauty,﷼199,6684,$ 23,https://cod.network/affiliate/offers/f04649ec-50ea-4828-8fa9-07919965ecb0
SORE NECK OINTMENT,Health & Beauty,﷼169,151,$ 20,https://cod.network/affiliate/offers/a3c8b227-e25a-49e7-8c3f-64d82d13e185
COLLAGEN FIRMING MASK - KSA,Health & Beauty,﷼199,99,$ 27,https://cod.network/affiliate/offers/5945404e-b2d3-4601-83c8-fb89d037423c
DIGITAL SCREEN BLUETOOTH HEADPHONES,Electronics & Accessories,﷼199,373,$ 24,https://cod.network/affiliate/offers/d1a71e2e-2169-47c0-aacd-d6c651cf2b0c
COLLAGEN HAIR MOISTURIZER,Health & Beauty,﷼249,72,$ 24,https://cod.network/affiliate/offers/1a82aac9-485d-4902-b055-e8faaff8d0a1
HAIR NATURAL SHAMPOO,Health & Beauty,﷼189,14,$ 21,https://cod.network/affiliate/offers/969f1cf4-2b7a-4c3a-bab5-8d60331de1c1
MEDICAL SANDALES FOR MEN,"Clothing, Shoes & Jewelry",﷼199,208,$ 20,https://cod.network/affiliate/offers/5376f077-30f6-495b-a131-01087352b16d
BABY FEEDING SPOON,Health & Beauty,﷼189,984,$ 21,https://cod.network/affiliate/offers/9ea29d46-ad08-40fa-9cd9-83d5ce012290
WIRELESS CAR CHARGER,Cars & accessories,﷼199,763,$ 20,https://cod.network/affiliate/offers/7e523870-c3bf-4193-b632-595670a1e18d
FAT BURNING SHIRT,"Clothing, Shoes & Jewelry",﷼179,995,$ 20,https://cod.network/affiliate/offers/e880dff3-af26-4838-8f9b-9c435e6c8ffc
HIGH PRESSURE FAUCET HEAD,"Home, Garden & Furniture",﷼179,442,$ 20,https://cod.network/affiliate/offers/e91791eb-9345-4d85-8bd4-70c87b6a327b
FOOD BOX FOR CHILDREN,"Home, Garden & Furniture",﷼189,999,$ 22,https://cod.network/affiliate/offers/bff1f2b5-bf78-4ed8-ac7c-3fd3a04dbad5
SHOULDER SPRAY PAIN RELIEF -KSA,Health & Beauty,﷼169,371,$ 25,https://cod.network/affiliate/offers/8b9235ca-e8f2-4431-968c-56173f82588e
DUMPLING MAKER 2 IN 1,"Home, Garden & Furniture",﷼199,116,$ 23,https://cod.network/affiliate/offers/0c6486b8-aeff-487d-bc77-610983b41fa9
CALLUSES PEDICURE ELECTRIC FOOT GRINDER - KSA,Health & Beauty,﷼199,277,$ 24,https://cod.network/affiliate/offers/fd303177-63eb-496f-9fe1-b9d789e240a5
MANUAL LEMON SQUEEZER,"Home, Garden & Furniture",﷼159,95,$ 18,https://cod.network/affiliate/offers/48962dde-e5dc-4b78-9e1b-7b0867f3ec2e
ADJUSTABLE SWIVEL SPOUT,"Home, Garden & Furniture",﷼239,274,$ 22,https://cod.network/affiliate/offers/242faf3f-ee42-47d7-bb6a-4211576ed620
HAIR STYLING SET,Health & Beauty,﷼249,117,$ 23,https://cod.network/affiliate/offers/8eb64951-37be-4037-9567-3766b56e2a3d
EYE MOISTURIZING SPRAY,Health & Beauty,﷼179,118,$ 20,https://cod.network/affiliate/offers/f996b22a-8f72-4f88-9414-05821509ff18
HAIR CONDITIONER,Health & Beauty,﷼189,62,$ 23,https://cod.network/affiliate/offers/62ce06f4-3a99-4872-962f-94677c40b616
SOLO TRIMMER,Health & Beauty,﷼169,455,$ 25,https://cod.network/affiliate/offers/873b9d5e-b1ad-493e-a6d9-f2babf7d57b7
MULTI-PURPOSE LIGHTER,Electronics & Accessories,﷼179,206,$ 20,https://cod.network/affiliate/offers/3078368c-a8c7-45e7-b025-c9fbe68c2db0
CAR DEODORIZER,Cars & accessories,﷼179,19,$ 20,https://cod.network/affiliate/offers/9333cf8f-cdf7-4ea1-8ba9-e6fca44d7184
FOAM TEETH WHITENING - KSA,Health & Beauty,﷼189,186,$ 27,https://cod.network/affiliate/offers/1846ed9e-82cd-4bd7-b35d-f31737d1690d
HAND CARE SERUM - KSA,Health & Beauty,﷼199,488,$ 21,https://cod.network/affiliate/offers/1ac302e9-ab5b-48ad-a9cf-b58e951ac211
SKIN TIGHTENING CREAM,Health & Beauty,﷼259,6687,$ 34,https://cod.network/affiliate/offers/064a37c7-e651-4418-8340-8cd2f9bc4794
HAIR CREAM,Health & Beauty,﷼259,6684,$ 34,https://cod.network/affiliate/offers/09eac504-ee3d-449c-98cd-03508ab8a5ca
ELECTRIC HAIR STEAMER WITH COMB,Health & Beauty,﷼199,114,$ 21,https://cod.network/affiliate/offers/51c0d704-0b00-4dbf-833b-7085cec6167b
DARK CIRCLES REMOVAL CREAM,Health & Beauty,﷼199,40,$ 20,https://cod.network/affiliate/offers/b64c5dd5-7fb4-4a43-aa75-cf3a364ceeeb
HAIR MOISTURIZING CREAM,Health & Beauty,﷼189,6684,$ 20,https://cod.network/affiliate/offers/6cc699f3-5c76-4013-87bf-369363b8a0a1
3X CABLE ORGANIZER WINDER,Electronics & Accessories,﷼169,323,$ 20,https://cod.network/affiliate/offers/874d0e21-ae44-4fcd-b180-02b965fee702
WIRELESS BLUETOOTH SELFIE STICK,Electronics & Accessories,﷼189,756,$ 20,https://cod.network/affiliate/offers/3fd1ca9b-d70d-45f5-b591-6243034e4571
STRENGTH TAPE KINESIOLOGY,Health & Beauty,﷼169,982,$ 20,https://cod.network/affiliate/offers/55e94846-95b4-4c94-b278-71bca13b2022
3X SILICONE CHARGER PROTECTOR,Electronics & Accessories,﷼179,330,$ 20,https://cod.network/affiliate/offers/7891bd38-ca82-4bcb-afe5-32bae03ff01a
STEERING WHEEL COVER,Cars & accessories,﷼179,97,$ 20,https://cod.network/affiliate/offers/3b05f2cb-2fa1-4af2-850b-5763b91e9a8f
BODY SHAPING BELT - KSA,Health & Beauty,﷼169,76,$ 20,https://cod.network/affiliate/offers/9cb3fc07-2306-4e49-8d6c-b53dc6542ca6
GRAPHENE FACE SLIMMING STRAP,Health & Beauty,﷼179,190,$ 20,https://cod.network/affiliate/offers/8f52dee5-bde8-4ac1-9b73-298d8c199b1b
MORINGA FACE CREAM,Health & Beauty,﷼199,198,$ 20,https://cod.network/affiliate/offers/5862d55d-5d8c-4938-8225-6ff8171c52da
KID LEARNING POCKET VOCAB,Toys & Games,﷼179,182,$ 20,https://cod.network/affiliate/offers/0fd2f07d-cbab-4668-801b-56d90c595f6a
VARICOSE VEINS RELIEF CREAM,Health & Beauty,﷼169,208,$ 20,https://cod.network/affiliate/offers/cd0b2683-37a7-4bf1-9336-d31ec0e6df6d
BEAUTY PERFUME,Health & Beauty,﷼189,48,$ 20,https://cod.network/affiliate/offers/6da95a41-5e79-4c84-9bf9-a0fc70d12684
AFGHAN OIL,Health & Beauty,﷼189,1202,$ 20,https://cod.network/affiliate/offers/b22567fc-e0b1-4367-a0e4-d76227cb7fab
MULTI-USE SAFETY LOCK,"Home, Garden & Furniture",﷼169,997,$ 20,https://cod.network/affiliate/offers/dfc61799-3b2c-4f17-b31d-7072c16dca59
SMART NECK MASSAGER,Health & Beauty,﷼249,389,$ 25,https://cod.network/affiliate/offers/8ee686ad-040d-4a71-a66c-d108967d8ca2
PAIN RELIEF HEAT MASSAGE PAD,Health & Beauty,﷼199,127,$ 20,https://cod.network/affiliate/offers/f4d80942-2aba-4c05-94a9-c1ae5ccdbd9b
VARICOSE VEINS CREAM,Health & Beauty,﷼179,458,$ 20,https://cod.network/affiliate/offers/c4f4bd36-1ef4-4ac9-9e85-fa10da634b1a
LADIES SHAVER EPILATOR,Health & Beauty,﷼189,58,$ 21,https://cod.network/affiliate/offers/94d42c83-5e35-4101-8228-d408963a2eb3
AFGHAN HAIR OIL,Health & Beauty,﷼199,700,$ 20,https://cod.network/affiliate/offers/4a89314d-ee9e-4d84-b230-257c947d08ed
EYEBROW STAMP SHAPING KIT,Health & Beauty,﷼189,164,$ 25,https://cod.network/affiliate/offers/7914168a-949d-4298-92e7-7f08f1590ab5
HAIR HEATING COMB,Electronics & Accessories,﷼209,460,$ 20,https://cod.network/affiliate/offers/7dd20c9d-7ea7-4d16-9275-bc16609f29ba
GINGER HAIR SHAMPOO,Health & Beauty,﷼189,226,$ 21,https://cod.network/affiliate/offers/7f06938c-7689-4bb2-87a1-ea2720159fd8
ELECTRIC MASSAGER,Health & Beauty,﷼179,172,$ 22,https://cod.network/affiliate/offers/658dc87c-1223-4a87-ba40-a768c2da670c
WEIGHT LOSS BODY SLIMMING SPRAY,Health & Beauty,﷼199,117,$ 20,https://cod.network/affiliate/offers/2839d2c4-793b-4658-914f-0923ec670e8e
ADHESIVE STRIPS FOR SLIMMING,Health & Beauty,﷼179,311,$ 20,https://cod.network/affiliate/offers/d3464989-8f5c-4cd5-904b-eacfb43c45bd
EARWAX REMOVAL TOOL - KSA,Health & Beauty,﷼199,133,$ 21,https://cod.network/affiliate/offers/a0494ff5-2eb2-4b73-bf86-7af5c074e348
MULTIFUNCTION PHONE HOLDER,Electronics & Accessories,﷼159,179,$ 18,https://cod.network/affiliate/offers/7b6e1e74-5e17-4aab-83e5-cb13b0bb4251
TOE BRACE,Health & Beauty,﷼179,156,$ 20,https://cod.network/affiliate/offers/a0a5ca72-e1c5-45d2-9198-1995c734506a
BRACELET WITH CHARGING CABLE,Electronics & Accessories,﷼169,197,$ 20,https://cod.network/affiliate/offers/76b23257-d679-41bd-b292-7d97e1c4c7e5
CAR PHONE MOUNT,Cars & accessories,﷼199,133,$ 20,https://cod.network/affiliate/offers/c7ad1dbf-439d-4311-b5cc-72983a05f9d8
TWO-TONE EYEBROW POWDER,Health & Beauty,﷼189,198,$ 20,https://cod.network/affiliate/offers/e878f510-07d6-47a0-b8d3-7c4f3d571ded
FLYING SAUCER BALL,Toys & Games,﷼179,186,$ 20,https://cod.network/affiliate/offers/717b4f71-e809-43da-bc7d-561f1eda40ca
TEETH WHITENING MOUSSE,Health & Beauty,﷼159,184,$ 18,https://cod.network/affiliate/offers/60fd238f-3c59-48ed-b662-bc24cc2d7d9e
NOSE OINTMENT CREAM,Health & Beauty,﷼169,175,$ 20,https://cod.network/affiliate/offers/d3937c06-3481-4b12-84c0-f1c07db0404e
RICE WATER SOAP SHAMPOO,Health & Beauty,﷼189,84,$ 22,https://cod.network/affiliate/offers/9285347f-7052-4c2f-8802-1b83e55d334b
DEROL LIP GLOSS,Health & Beauty,﷼169,196,$ 20,https://cod.network/affiliate/offers/d17a5597-7f39-4f5c-9864-8aa2fad4194f
PAIN RELIEF STICKERS,Health & Beauty,﷼169,180,$ 20,https://cod.network/affiliate/offers/1acd5a40-8a6c-4ee4-a349-80f0e98b90ae
SILICONE PATCH FOR WRINKLES REMOVING,Health & Beauty,﷼189,196,$ 20,https://cod.network/affiliate/offers/979e9cda-4b13-470d-849e-95e1f4ed1d0e
PHONES MINI USB CAR CHARGER,Cars & accessories,﷼189,197,$ 20,https://cod.network/affiliate/offers/f7a711dd-292b-4eb9-ab1b-1252ebd5f734
HIPS SMOOTHING MOISTURIZER CREAM,Health & Beauty,﷼179,175,$ 20,https://cod.network/affiliate/offers/10da14ca-3c6f-4c66-9f71-0f2c14fb50d0
RECHARGEABLE VEGETABLE CHOPPER,"Home, Garden & Furniture",﷼179,186,$ 20,https://cod.network/affiliate/offers/e67a9e94-bf95-4184-aec2-69014b8f4087
NATURAL HERBAL KNEE,Health & Beauty,﷼169,99,$ 20,https://cod.network/affiliate/offers/98325383-8472-4110-9fef-7fca00c47800
MULTIFUNCTION PHONE HOLDER,Electronics & Accessories,﷼159,179,$ 18,https://cod.network/affiliate/offers/7b6e1e74-5e17-4aab-83e5-cb13b0bb4251
TOE BRACE,Health & Beauty,﷼179,156,$ 20,https://cod.network/affiliate/offers/a0a5ca72-e1c5-45d2-9198-1995c734506a
BRACELET WITH CHARGING CABLE,Electronics & Accessories,﷼169,197,$ 20,https://cod.network/affiliate/offers/76b23257-d679-41bd-b292-7d97e1c4c7e5
CAR PHONE MOUNT,Cars & accessories,﷼199,133,$ 20,https://cod.network/affiliate/offers/c7ad1dbf-439d-4311-b5cc-72983a05f9d8
TWO-TONE EYEBROW POWDER,Health & Beauty,﷼189,198,$ 20,https://cod.network/affiliate/offers/e878f510-07d6-47a0-b8d3-7c4f3d571ded
FLYING SAUCER BALL,Toys & Games,﷼179,186,$ 20,https://cod.network/affiliate/offers/717b4f71-e809-43da-bc7d-561f1eda40ca
TEETH WHITENING MOUSSE,Health & Beauty,﷼159,184,$ 18,https://cod.network/affiliate/offers/60fd238f-3c59-48ed-b662-bc24cc2d7d9e
NOSE OINTMENT CREAM,Health & Beauty,﷼169,175,$ 20,https://cod.network/affiliate/offers/d3937c06-3481-4b12-84c0-f1c07db0404e
RICE WATER SOAP SHAMPOO,Health & Beauty,﷼189,84,$ 22,https://cod.network/affiliate/offers/9285347f-7052-4c2f-8802-1b83e55d334b
DEROL LIP GLOSS,Health & Beauty,﷼169,196,$ 20,https://cod.network/affiliate/offers/d17a5597-7f39-4f5c-9864-8aa2fad4194f
PAIN RELIEF STICKERS,Health & Beauty,﷼169,180,$ 20,https://cod.network/affiliate/offers/1acd5a40-8a6c-4ee4-a349-80f0e98b90ae
SILICONE PATCH FOR WRINKLES REMOVING,Health & Beauty,﷼189,196,$ 20,https://cod.network/affiliate/offers/979e9cda-4b13-470d-849e-95e1f4ed1d0e
PHONES MINI USB CAR CHARGER,Cars & accessories,﷼189,197,$ 20,https://cod.network/affiliate/offers/f7a711dd-292b-4eb9-ab1b-1252ebd5f734
HIPS SMOOTHING MOISTURIZER CREAM,Health & Beauty,﷼179,175,$ 20,https://cod.network/affiliate/offers/10da14ca-3c6f-4c66-9f71-0f2c14fb50d0
RECHARGEABLE VEGETABLE CHOPPER,"Home, Garden & Furniture",﷼179,186,$ 20,https://cod.network/affiliate/offers/e67a9e94-bf95-4184-aec2-69014b8f4087
NATURAL HERBAL KNEE,Health & Beauty,﷼169,99,$ 20,https://cod.network/affiliate/offers/98325383-8472-4110-9fef-7fca00c47800
BED SHEETS HANDY GADGET,"Home, Garden & Furniture",﷼169,197,$ 20,https://cod.network/affiliate/offers/1006e04e-3129-4421-baf0-7bbc85ddfae8
ELECTRIC MINI SHAVER - KSA,Electronics & Accessories,﷼179,133,$ 23,https://cod.network/affiliate/offers/a301e120-6ca4-4c1f-81f9-0d55327de270
ELECTRIC PEDICURE DEVICE - KSA,Health & Beauty,﷼189,350,$ 26,https://cod.network/affiliate/offers/74fc171f-810e-4020-87b3-8be57d2f950e
LIP SERUM - KSA,Health & Beauty,﷼189,548,$ 25,https://cod.network/affiliate/offers/8c79b24c-73cc-441a-a573-d48b4c3ce8c0
TEETH WHITENING GEL - KSA,Health & Beauty,﷼189,121,$ 25,https://cod.network/affiliate/offers/b8515cc6-22ee-466f-8bc7-ba82e995c493
ELECTRIC NOSE HAIR TRIMMER,Health & Beauty,﷼189,470,$ 22,https://cod.network/affiliate/offers/7e9c7e6a-eb5a-477e-9512-d53309dcda9c
CLIPPERS HAIR SET,Health & Beauty,﷼399,55,$ 30,https://cod.network/affiliate/offers/75483919-7d57-4d5c-b801-ab57fcd41779
LED MOTION SENSOR - KSA,Electronics & Accessories,﷼189,432,$ 20,https://cod.network/affiliate/offers/da09530d-14c5-44ca-938f-372683705606
ELECTRIC ANTI-LICE COMB,Electronics & Accessories,﷼219,163,$ 25,https://cod.network/affiliate/offers/d6e8abda-51c7-48b8-ac30-dac91e9e51fe
LUMBAR MASSAGER (PINK),Health & Beauty,﷼199,119,$ 21,https://cod.network/affiliate/offers/ad2ff1b0-980e-4d3b-b482-dd431a93a328
CLEANING PEN WHITE,Toys & Games,﷼189,487,$ 20,https://cod.network/affiliate/offers/12369110-b969-4d76-a656-7a44d2b41ce3
CREATIVE CRUISE SUNSHINE,Toys & Games,﷼189,477,$ 21,https://cod.network/affiliate/offers/f687ebc2-e405-4fb5-abed-4cea72ffe3c4
RETINOL DRAGON'S BLOOD CREAM,Health & Beauty,﷼189,80,$ 21,https://cod.network/affiliate/offers/052ae28e-d16a-4d43-b91c-10763c272df3
RECHARGEABLE PERFUME MACHINE,Electronics & Accessories,﷼189,470,$ 21,https://cod.network/affiliate/offers/40a577cc-fecf-4151-8920-f8c64b89a477
AUTOMATIC SOAP DISPENSER,Electronics & Accessories,﷼199,476,$ 20,https://cod.network/affiliate/offers/11252336-dddd-4558-b2ef-ae3844e91967
MELOHO POMODORO TIMER,Electronics & Accessories,﷼219,299,$ 20,https://cod.network/affiliate/offers/de016412-1c42-46fa-ac9b-a00785836e4d
NIGHT LIGHTS (BLACK),"Home, Garden & Furniture",﷼199,209,$ 21,https://cod.network/affiliate/offers/d3bced5c-48dd-4f0b-a129-0b8f96c8ff28
TOILET BOWL STERILIZER,"Home, Garden & Furniture",﷼189,476,$ 21,https://cod.network/affiliate/offers/d465097c-bace-473f-a6b1-cd36e5a31348
ELECTRIC WATER PUMP,Electronics & Accessories,﷼189,181,$ 21,https://cod.network/affiliate/offers/f7a92b4b-ed01-4487-a52c-aa207f37d2b6
ACNE REMOVAL CREAM,Health & Beauty,﷼169,197,$ 20,https://cod.network/affiliate/offers/7e511d4a-bb43-4680-bdbc-3d5f5a3fc8aa
MOISTURIZING WITH COCOA BUTTER,Health & Beauty,﷼169,127,$ 20,https://cod.network/affiliate/offers/477c9a09-57ba-4813-b6e3-8bcc749db3ed
SNAIL EXTRACT CREAM,Health & Beauty,﷼199,264,$ 20,https://cod.network/affiliate/offers/4851f43a-46f5-4b15-b286-89c036056682
EYEBROW STAMPS,Health & Beauty,﷼159,225,$ 22,https://cod.network/affiliate/offers/b125e024-0ee8-4aef-9f5c-ae7115e5d2b8
TEETH WHITENING PEN,Health & Beauty,﷼179,75,$ 21,https://cod.network/affiliate/offers/67976326-1846-493b-9232-ae6c54f74288
DUMPLING MAGIC 2-IN-1,"Home, Garden & Furniture",﷼189,181,$ 20,https://cod.network/affiliate/offers/a71615e7-73e0-4a7f-b11c-16bc079045b0
YES FINISH TOUCH - OR,Health & Beauty,﷼189,531,$ 25,https://cod.network/affiliate/offers/9df1ba66-87c8-4b9a-ab80-b7881353cecb
3D DECORATIVE LED LIGHT,Health & Beauty,﷼199,69,$ 23,https://cod.network/affiliate/offers/55e28671-0064-40d1-9857-3a018fd3e336
4 IN 1 HANDHELD ELECTRIC VEGETABLE SLICER SET,"Home, Garden & Furniture",﷼199,31,$ 22,https://cod.network/affiliate/offers/05cd21a6-b718-465e-bd3b-7b778d800249
ELECTRIC MIXER,"Home, Garden & Furniture",﷼249,223,$ 23,https://cod.network/affiliate/offers/89e58857-ef83-4c78-b9f1-a26b71f11fcd
T6 FLASHLIGHT.,Cars & accessories,﷼199,84,$ 22,https://cod.network/affiliate/offers/d469a3b9-d1b5-4422-8b99-a5df1d4a5f3b
WIRELESS HEADPHONES,Electronics & Accessories,﷼219,70,$ 24,https://cod.network/affiliate/offers/5140180e-553b-4f08-ac67-733afaacaae6
TEETH WHITENING FOAM,Health & Beauty,﷼179,158,$ 25,https://cod.network/affiliate/offers/f363b2e2-766b-48db-8b84-03ad1b6d9ae3
TEETH WHITENING SPRAY,Health & Beauty,﷼179,85,$ 25,https://cod.network/affiliate/offers/b21f1fa3-733d-482f-a6f5-527707f13b48
EYELINER WITH APPLICATOR,Health & Beauty,﷼179,28,$ 25,https://cod.network/affiliate/offers/89de505a-b6aa-49b0-9002-89ec1181afde
WATERPROOF MASCARA,Health & Beauty,﷼179,49,$ 25,https://cod.network/affiliate/offers/2c15b19f-96cc-4a54-84d9-1522d9d536ec
LUXURY WRIST WATCH FOR MEN,Health & Beauty,﷼249,22,$ 25,https://cod.network/affiliate/offers/b71a6fdf-d2d5-4f5d-8200-e85d56458981
GEL SEAT CUSHION,Health & Beauty,﷼199,39,$ 22,https://cod.network/affiliate/offers/ae70aaa2-3051-49d6-936e-f24ad9c2b1f7
TOURMALINE SELF HEATING HEATED SOCKS - EL,Health & Beauty,﷼179,66,$ 24,https://cod.network/affiliate/offers/2333b6f9-9f5e-4c25-82d6-03ddddaa2bd4
SILICONE GLOVES,"Home, Garden & Furniture",﷼179,267,$ 22,https://cod.network/affiliate/offers/764a949c-1021-4336-bf71-4533277abb55
SINUS ALLERGY TREATMENT DEVICE,Health & Beauty,﷼199,40,$ 25,https://cod.network/affiliate/offers/0ccfa22c-4efa-4b0c-b34c-317cdfa92bd5
BODY SHAPER SHAPEWEAR,"Clothing, Shoes & Jewelry",﷼199,83,$ 25,https://cod.network/affiliate/offers/d5b576f4-e1c9-4a25-b300-8037062a1ce8
LED TOUCH WALL LIGHT LAMP II,Cars & accessories,﷼249,334,$ 25,https://cod.network/affiliate/offers/0eb9b759-1ade-47d4-84e0-8d3106bbf4b0
SKIN TIGHTENING DEVICE,Health & Beauty,﷼219,39,$ 20,https://cod.network/affiliate/offers/24f1fb06-9225-4407-95e3-0bfd06b24909
MULTIFUNCTIONAL PISTOL LIGHTS,Electronics & Accessories,﷼199,332,$ 24,https://cod.network/affiliate/offers/0998e6b1-f9f5-4e61-b6f3-421baf88c46b
FACE MASK V,Health & Beauty,﷼199,88,$ 20,https://cod.network/affiliate/offers/c6aa5d15-e30b-438c-adee-9af7f8233ba2
DETOX FOOT PATCH,Health & Beauty,﷼199,41,$ 23,https://cod.network/affiliate/offers/37327d59-896f-4e36-9fb8-86a8ef1cce62
HAIR CLAMP BLACK PLASTIC JEWELED,Health & Beauty,﷼199,78,$ 20,https://cod.network/affiliate/offers/d79313eb-7076-4f35-9c4c-af654013eed5
CAR LUMBAR SUPPORT,Cars & accessories,﷼299,35,$ 23,https://cod.network/affiliate/offers/60b3c8b7-12bb-4ebf-93f9-531a4abc43d2
MORINGA BODY CREAM,Health & Beauty,﷼199,306,$ 20,https://cod.network/affiliate/offers/06183d70-8ee5-4c96-9316-8084ecc83495
CRYSTAL HAIR REMOVAL,Health & Beauty,﷼199,75,$ 28,https://cod.network/affiliate/offers/d960519f-5d60-4474-8aa6-846e8fda402a
DOUBLE SIDED TAPE HEAVY DUTY,"Home, Garden & Furniture",﷼189,556,$ 25,https://cod.network/affiliate/offers/c4cf761e-22be-4c26-b6ca-a9fef1ccab03
CAR INTERIOR LIGHTS,Cars & accessories,﷼249,81,$ 22,https://cod.network/affiliate/offers/d966d03b-a866-487e-a0ce-e2ac97966781
SHAMPOO BAR,Health & Beauty,﷼199,83,$ 25,https://cod.network/affiliate/offers/853c7252-9f02-47de-ad3d-d3cca1bf6b6a
REARVIEW MIRROR MOBILE PHONE CAR HOLDER,Cars & accessories,﷼199,31,$ 22,https://cod.network/affiliate/offers/1d01831f-71dd-4510-a7b3-8e9d4a1abc08
EROS POWERS,Health & Beauty,﷼299,53,$ 30,https://cod.network/affiliate/offers/634ff270-1dfe-49dd-842f-e79fbb67aea9
WATER ABSORBENT FLOOR RUG,"Home, Garden & Furniture",﷼249,79,$ 22,https://cod.network/affiliate/offers/f87207f9-9d2b-481e-9b1a-5d217805a356
ECOMWEBLIFE BLACK FULL SHAMPOO BAR,Health & Beauty,﷼199,83,$ 25,https://cod.network/affiliate/offers/992d9f2f-20d6-4448-9341-396a747d89c3
DYY1 WIRELESS HEADPHONE,Cars & accessories,﷼299,125,$ 25,https://cod.network/affiliate/offers/cc789c0a-f900-45d6-b818-9fc39932a474
SMART SUNGLASSES,Cars & accessories,﷼299,248,$ 25,https://cod.network/affiliate/offers/49dc37d6-aa00-4a8f-a8b6-de334441fb55
MULTIFUNCTIONAL SHOVEL - KSA,Cars & accessories,﷼299,56,$ 25,https://cod.network/affiliate/offers/efa11d87-c5a0-4080-bc73-be15a6f21f74
KIDS TOOTHBRUSH U-SHAPED - HEART,Health & Beauty,﷼199,401,$ 22,https://cod.network/affiliate/offers/8ad15b85-58f9-4222-8ea2-4b4103bf2d2c
KIDS TOOTHBRUSH U-SHAPED - OVAL,Health & Beauty,﷼199,471,$ 22,https://cod.network/affiliate/offers/06794a7c-a672-4206-80e6-5c6576648e23
GEL SEAT CUSHION,Health & Beauty,﷼299,39,$ 25,https://cod.network/affiliate/offers/3274f37a-7b43-4ced-a06c-fbed37806f04
BAELLERRY MEN WALLET - BLACK,Cars & accessories,﷼199,164,$ 22,https://cod.network/affiliate/offers/e02189ee-d1ea-460d-b997-191c9d18711c
VEGETABLE SLICER,"Home, Garden & Furniture",﷼189,221,$ 26,https://cod.network/affiliate/offers/2f654564-c0ae-45ad-a715-9e51b2eb7ad4
PHONE TELESCOPE LENS,Cars & accessories,﷼199,209,$ 22,https://cod.network/affiliate/offers/26da1d8b-a3aa-4a00-9ad9-4b1d095d9cd5
ANTI SNORING DEVICE,Health & Beauty,﷼199,44,$ 22,https://cod.network/affiliate/offers/241a3463-d333-4a58-ab57-74e95e50cf95
WATER SPRAY GUN WITH BUILT IN SOAP,Cars & accessories,﷼199,58,$ 22,https://cod.network/affiliate/offers/a5db2d47-66a3-4df0-b76d-329e57859212
PORTABLE JUICE BLENDER,"Home, Garden & Furniture",﷼199,47,$ 22,https://cod.network/affiliate/offers/02f624cf-c20b-4b77-b3d8-949b0653318c
CHARCOAL SHAMPO BAR,Health & Beauty,﷼199,49,$ 22,https://cod.network/affiliate/offers/6a3c740e-c887-4dde-886a-f995388a2c1e
AIR PUMP,Cars & accessories,﷼299,46,$ 25,https://cod.network/affiliate/offers/1471f1d9-b477-4a52-80ea-fa5d49e73926
BEARD FILLER PEN FOR MEN,Health & Beauty,﷼199,45,$ 22,https://cod.network/affiliate/offers/061c06d0-a006-4bac-9315-24e3048d8b40
SEWING MACHINE,"Home, Garden & Furniture",﷼299,180,$ 22,https://cod.network/affiliate/offers/1307633b-3327-40c7-9a22-af830c3770ed
COOKING PAN,"Home, Garden & Furniture",﷼269,13,$ 25,https://cod.network/affiliate/offers/7399ae0c-2913-4272-9a23-24e4b9b5fef8
DEAD SKIN REMOVAL MACHINE,Health & Beauty,﷼179,132,$ 26,https://cod.network/affiliate/offers/d4a5ffcf-8ff9-40b1-b925-6d3302718d41
BOX CIGARETTE CONTAINER,Cars & accessories,﷼199,360,$ 22,https://cod.network/affiliate/offers/d65aae09-6128-4296-9d17-a5121ffabeaf
SILICONE HAND GLOVES,"Home, Garden & Furniture",﷼199,267,$ 22,https://cod.network/affiliate/offers/d80f263f-8bce-49ea-be92-a6ce7322a4a5
LASER PEN FOR SKIN CARE,Health & Beauty,﷼199,149,$ 22,https://cod.network/affiliate/offers/3209a2de-ade0-401f-ae8c-79cd6f8f3317
MULTI-FUNCTIONAL TOILET CHAIR,Health & Beauty,﷼199,307,$ 22,https://cod.network/affiliate/offers/6966aad9-fe04-44ad-b242-c9d1a4530dbd
STORAGE BUCKET AND SPICE BOX,"Home, Garden & Furniture",د.ك21,440,$ 20,https://cod.network/affiliate/offers/7a7c2f56-29eb-4d69-a7e9-7b71033cc2c4
ENERGY SAVING DEVICE,Electronics & Accessories,د.ك16,827,$ 20,https://cod.network/affiliate/offers/0855c042-e459-4efc-8967-b5fd433dc17c
CROSSBODY BAG FOR WOMEN,"Home, Garden & Furniture",د.ك16,71,$ 26,https://cod.network/affiliate/offers/fafc9e83-e8b1-4078-84ac-8def622d5bce
CROSSBODY BAG FOR WOMEN,Health & Beauty,د.ك16,82,$ 26,https://cod.network/affiliate/offers/f3fe828d-bbf9-4c7a-b7d7-feef4c228a78
MAGNETIC EYELASHES PACK,Health & Beauty,د.ك19,486,$ 21,https://cod.network/affiliate/offers/a20f9476-d074-4a69-8d8c-a8e80b498afb
SILVER MAGNETIC RING - KWT,Health & Beauty,د.ك17,942,$ 25,https://cod.network/affiliate/offers/0ea0f534-7888-46d2-ba45-816de9e06588
BLUETOOTH TRACKER DEVICE,Electronics & Accessories,د.ك17,474,$ 23,https://cod.network/affiliate/offers/9cba8b39-4ed5-4217-bb95-cd7a9cd33734
MENISCUS PASTE -KWT,Health & Beauty,د.ك16,737,$ 23,https://cod.network/affiliate/offers/e980f8bb-0878-4834-aac9-71340bcaea4e
CAR DEODORIZER,Cars & accessories,د.ك18,121,$ 23,https://cod.network/affiliate/offers/19e60547-131b-4e6a-90da-e2ab8917de37
MULTI-PURPOSE LIGHTER,Electronics & Accessories,د.ك18,127,$ 22,https://cod.network/affiliate/offers/ab1dc290-15da-4723-9dd8-d02a40b860fc
HAROUF PERFUME,Health & Beauty,د.ك20,613,$ 25,https://cod.network/affiliate/offers/15981b1a-1346-4933-b67b-395bf3b8a778
EYELASH CURLER ELECTRIC (WHITE),Health & Beauty,د.ك18,156,$ 22,https://cod.network/affiliate/offers/a4da08d5-aaef-417c-9c1d-e2a2a0dbd386
SLIMMING PATCH -KWT,Health & Beauty,د.ك16,1804,$ 25,https://cod.network/affiliate/offers/32cc4ca2-047b-4178-9c2a-7fd91fc9758c
ULTRASONIC INSECT REPELLENT DEVICE,Electronics & Accessories,د.ك18,198,$ 21,https://cod.network/affiliate/offers/0d2b10c1-33c0-48bd-a0fe-1aeac65f2315
LIP SERUM - KWT,Health & Beauty,د.ك16,453,$ 25,https://cod.network/affiliate/offers/df829d88-d3eb-44ff-b01e-550c0af38e2f
FRECKLE REMOVER,Health & Beauty,د.ك17,966,$ 25,https://cod.network/affiliate/offers/2c368747-eb19-42ed-8d9b-cc963bc5b45f
TENNIS TRAINING EQUIPMENT,Toys & Games,د.ك18,78,$ 24,https://cod.network/affiliate/offers/7886b658-17d1-4373-8656-46a975a06df0
AROMA LAMP,"Home, Garden & Furniture",د.ك18,283,$ 21,https://cod.network/affiliate/offers/a502bfde-9bc1-47ae-85b7-7d61aa0db266
SMALL ELECTRIC MASSAGER - KWT,Health & Beauty,د.ك17,488,$ 24,https://cod.network/affiliate/offers/c214893e-f498-4215-a20b-71a8e277b1ad
BODY SHAPING BELT - KWT,Health & Beauty,د.ك15,501,$ 20,https://cod.network/affiliate/offers/b25ae003-a8d9-470e-95f9-1921bfae0999
SHOULDER SPRAY PAIN RELIEF -KWT,Health & Beauty,د.ك16,926,$ 20,https://cod.network/affiliate/offers/b19d0bbb-df1b-46d4-810c-75937ad42f88
YELLOW PEEL OIL - KWT,Health & Beauty,د.ك16,965,$ 20,https://cod.network/affiliate/offers/c2911b9e-1292-4576-a519-171c43377ee7
COLLAGEN FIRMING MASK - KWT,Health & Beauty,د.ك19,99,$ 25,https://cod.network/affiliate/offers/25a52e6f-2d0c-4629-a374-0d6ae759370c
FUNGUS FOOT SPRAY,Health & Beauty,د.ك19,94,$ 25,https://cod.network/affiliate/offers/c21403ce-cb82-4c78-a923-0805b183ca14
SPRAY HERBAL PILES,Health & Beauty,د.ك17,773,$ 21,https://cod.network/affiliate/offers/425ee939-6603-4b53-8eaf-83cb9a7d7db4
ADJUSTABLE SWIVEL SPOUT,"Home, Garden & Furniture",د.ك25,168,$ 25,https://cod.network/affiliate/offers/8959599c-6eb8-4e91-822d-9d11f270e831
ELECTRIC PEDICURE DEVICE - KWT,Health & Beauty,د.ك16,457,$ 21,https://cod.network/affiliate/offers/09f9c125-1b0e-429d-b621-32d508208522
TEETH WHITENING GEL - KWT,Health & Beauty,د.ك16,437,$ 23,https://cod.network/affiliate/offers/49ff6382-5f5a-4cdb-8e38-63b70ed334d0
COLLAGEN FACE SERUM SET - KWT,Health & Beauty,د.ك17,150,$ 21,https://cod.network/affiliate/offers/f3c45a95-631b-492c-8d73-21c5cb13e792
ELECTRIC MINI SHAVER - KWT,Electronics & Accessories,د.ك17,486,$ 24,https://cod.network/affiliate/offers/6f07e832-c1d0-4617-9947-dfaadbdbb411
ELECTRIC FOOT MASSAGER - KWT,Health & Beauty,د.ك17,456,$ 23,https://cod.network/affiliate/offers/44ba4104-20f5-4c80-b544-9911a09c37d6
BLACK HAIR SHAMPOO - KWT,Health & Beauty,د.ك16,408,$ 20,https://cod.network/affiliate/offers/1ed43206-a826-47b4-a9ae-dde2827b050f
MOBILE PHONE HOLDER - KWT,Cars & accessories,د.ك16,487,$ 21,https://cod.network/affiliate/offers/ffc7bfdd-01d5-43bb-94a7-929195879377
LED MOTION SENSOR - KWT,Electronics & Accessories,د.ك21,150,$ 22,https://cod.network/affiliate/offers/897e3e34-dbdc-4d84-ba1e-216437c7bdde
SMART TRASH CAN,"Home, Garden & Furniture",د.ك22,280,$ 22,https://cod.network/affiliate/offers/72504e5f-2b06-47c3-93cb-5f56a8e6c496
PROFESSIONAL HAIR TRIMMER,Electronics & Accessories,د.ك19,112,$ 21,https://cod.network/affiliate/offers/d90800cc-3554-468b-b512-5855c9bfdde1
AUTOMATIC REBOUND ABDOMINAL WHEEL (ORANGE),"Home, Garden & Furniture",د.ك21,126,$ 20,https://cod.network/affiliate/offers/6d001096-3a42-4808-ae41-a476f66eccb1
EMS FACIAL MASSAGER (4HEADS),Electronics & Accessories,د.ك19,490,$ 20,https://cod.network/affiliate/offers/8ec26ff9-ae26-47d2-946d-59b130413f3a
LUMBAR MASSAGER (GREEN),"Home, Garden & Furniture",د.ك18,77,$ 21,https://cod.network/affiliate/offers/752a47ef-a055-4514-a0cc-9fcbdd9cdefb
RETINOL DRAGON'S BLOOD CREAM,Health & Beauty,د.ك18,86,$ 21,https://cod.network/affiliate/offers/cd235e2e-baf5-49cc-ae10-f334990c8ff0
WATERPROOF 3D TOUCH HEADPHONES,Electronics & Accessories,د.ك18,373,$ 20,https://cod.network/affiliate/offers/2e64fd3b-90b2-44d4-af17-2f7f5c47ce98
MOSQUITO KILLER,Electronics & Accessories,د.ك18,97,$ 21,https://cod.network/affiliate/offers/ec1ceae0-3fe7-4c82-bfbb-cb6d79941a8a
NIGHT LIGHTS (BLACK),Electronics & Accessories,د.ك19,140,$ 21,https://cod.network/affiliate/offers/c09e2d77-7f90-4d3d-8d81-cb8cf650d859
ARABIC EDUCATIONAL BOOKS,Education,د.ك17,141,$ 22,https://cod.network/affiliate/offers/2f9ed86c-b4af-4af8-abd4-cc2e9f0d8c28
CUPPING THERAPY MASSAGER - KWT,Health & Beauty,د.ك21,73,$ 21,https://cod.network/affiliate/offers/3fb7973a-4769-4d50-a466-f6f4142357ae
BRACELET WITH NECKLACE - KWT,Health & Beauty,د.ك18,65,$ 20,https://cod.network/affiliate/offers/6620f96b-6597-4a46-9472-1c26c94a639a
VACUUM FOOD SEALER,"Home, Garden & Furniture",د.ك17,62,$ 20,https://cod.network/affiliate/offers/51ff2ffe-02cb-45f8-a6d7-faa00b838e0e
CURTAIN LIGHTS,"Home, Garden & Furniture",د.ك19,112,$ 20,https://cod.network/affiliate/offers/6d7abc91-42c2-40d3-8295-ce7babf26b03
WATERPROOF EXPANDABLE HANDBAG,Health & Beauty,د.ك21,76,$ 25,https://cod.network/affiliate/offers/98d82872-e059-4f13-b7bb-f89020fa9fdf
NEOPRENE ARM SHAPER,Health & Beauty,د.ك19,97,$ 22,https://cod.network/affiliate/offers/b97fa244-9685-49a8-ba67-f1133c78602d
MULTIFUNCTIONAL BROOM,"Home, Garden & Furniture",د.ك19,298,$ 22,https://cod.network/affiliate/offers/53ed081d-8a47-4df2-acda-5795b2a00e34
MOSAIC PUZZLE TOY,Education,د.ك19,81,$ 22,https://cod.network/affiliate/offers/3a60b85f-9eff-4b13-a474-6d8708f8b2ff
MULTIFUNCTIONAL SHOVEL,Cars & accessories,د.ك25,535,$ 25,https://cod.network/affiliate/offers/5a0f1ed1-b859-4ea9-9cef-b282016f4b36
CAR WASH FOAM GUN KWT,Cars & accessories,د.ك25,98,$ 25,https://cod.network/affiliate/offers/32324f10-d911-4277-9eb4-730597ac174f
SINK CLEANING HOOK,"Home, Garden & Furniture",د.ك19,244,$ 25,https://cod.network/affiliate/offers/e8385e76-5bcd-4ccf-b70e-5ded8e462eaf
HAIR REMOVAL TOOL,Health & Beauty,د.ك19,152,$ 24,https://cod.network/affiliate/offers/a92ddc54-ff81-4bb7-b916-8491e09f700e
